{
	"pages": [ //pages数组中第一项表示应用启动页，参考：https://uniapp.dcloud.io/collocation/pages
		{
            "path" : "pages/demo1/demo1",
            "style" :                                                                                    
            {
                "navigationBarTitleText": "",
                "enablePullDownRefresh": false
            }
            
        }
        ,{
            "path" : "pages/demo2/demo2",
            "style" :                                                                                    
            {
                "navigationBarTitleText": "",
                "enablePullDownRefresh": false
            }
            
        }
        ,{
            "path" : "pages/demo3/demo3",
            "style" :                                                                                    
            {
                "navigationBarTitleText": "",
                "enablePullDownRefresh": false
            }
            
        }
        ,{
            "path" : "pages/demo4/demo4",
            "style" :                                                                                    
            {
                "navigationBarTitleText": "",
                "enablePullDownRefresh": false
            }
            
        }
        ,{
            "path" : "pages/demo5/demo5",
            "style" :                                                                                    
            {
                "navigationBarTitleText": "",
                "enablePullDownRefresh": false
            }
            
        }
    ],
	"tabBar": {
		"list": [
			{
				"pagePath": "pages/demo1/demo1",
				"text": "demo1"
			},
			{
				"pagePath": "pages/demo2/demo2",
				"text": "demo2"
			},
			{
				"pagePath": "pages/demo3/demo3",
				"text": "demo3"
			},
			{
				"pagePath": "pages/demo4/demo4",
				"text": "demo4"
			},
			{
				"pagePath": "pages/demo5/demo5",
				"text": "demo5"
			}
		]
	},
	"globalStyle": {
		"navigationBarTextStyle": "black",
		"navigationBarTitleText": "uni-app",
		"navigationBarBackgroundColor": "#F8F8F8",
		"backgroundColor": "#F8F8F8"
	},
	"uniIdRouter": {}
}
