{
	"pages": [ //pages数组中第一项表示应用启动页，参考：https://uniapp.dcloud.io/collocation/pages
	
		{
			"path" : "pages/demo1/demo1",
			"style" :                                                                                    
			{
				"navigationBarTitleText": "",
				"enablePullDownRefresh": false
			}
			
		},
		{
            "path" : "pages/index/index",
            "style" :                                                                                    
            {
                "navigationBarTitleText": "",
                "enablePullDownRefresh": false
            }
            
        }
        ,{
            "path" : "pages/community/community",
            "style" :                                                                                    
            {
                "navigationBarTitleText": "",
                "enablePullDownRefresh": false
            }
            
        }
        ,{
            "path" : "pages/message/message",
            "style" :                                                                                    
            {
                "navigationBarTitleText": "",
                "enablePullDownRefresh": false
            }
            
        }
        
        ,{
            "path" : "pages/chat/chat",
            "style" :                                                                                    
            {
                "navigationBarTitleText": "",
                "enablePullDownRefresh": false
            }
            
        }
        ,{
            "path" : "pages/orders/orders",
            "style" :                                                                                    
            {
                "navigationBarTitleText": "",
                "enablePullDownRefresh": false
            }
            
        }
        ,{
            "path" : "pages/interaction/interaction",
            "style" :                                                                                    
            {
                "navigationBarTitleText": "",
                "enablePullDownRefresh": false
            }
            
        }
        ,{
            "path" : "pages/account/account",
            "style" :                                                                                    
            {
                "navigationBarTitleText": "",
                "enablePullDownRefresh": false
            }
            
        }
        ,{
            "path" : "pages/member/member",
            "style" :                                                                                    
            {
                "navigationBarTitleText": "",
                "enablePullDownRefresh": false
            }
            
        }
        ,{
            "path" : "pages/detail/detail",
            "style" :                                                                                    
            {
                "navigationBarTitleText": "",
                "enablePullDownRefresh": false
            }
            
        },
		{
		    "path" : "pages/login/login",
		    "style" :                                                                                    
		    {
		        "navigationBarTitleText": "",
		        "enablePullDownRefresh": false
		    }
		    
		},
		{
		    "path" : "pages/register/register",
		    "style" :                                                                                    
		    {
		        "navigationBarTitleText": "",
		        "enablePullDownRefresh": false
		    }
		    
		},
		{
		    "path" : "pages/fx/fx",
		    "style" :                                                                                    
		    {
		        "navigationBarTitleText": "",
		        "enablePullDownRefresh": false
		    }
		    
		},
		{
		    "path" : "pages/shequ/shequ",
		    "style" :                                                                                    
		    {
		        "navigationBarTitleText": "",
		        "enablePullDownRefresh": false
		    }
		    
		},
		{
		    "path" : "pages/demo6/demo6",
		    "style" :                                                                                    
		    {
		        "navigationBarTitleText": "",
		        "enablePullDownRefresh": false
		    }
		    
		}
        ,{
            "path" : "pages/demo5/demo5",
            "style" :                                                                                    
            {
                "navigationBarTitleText": "",
                "enablePullDownRefresh": false
            }
            
        },
		{
		    "path" : "pages/dingwei/dingwei",
		    "style" :                                                                                    
		    {
		        "navigationBarTitleText": "",
		        "enablePullDownRefresh": false
		    }
		    
		},
		{
		    "path" : "pages/login1/login1",
		    "style" :                                                                                    
		    {
		        "navigationBarTitleText": "",
		        "enablePullDownRefresh": false
		    }
		    
		}
    ],
	"globalStyle": {
		"navigationBarTextStyle": "black",
		"navigationBarTitleText": "uni-app",
		"navigationStyle": "custom",
		"navigationBarBackgroundColor": "#F8F8F8",
		"backgroundColor": "#F8F8F8"
	},
	"tabBar": {
		"list": [
			{
				"pagePath": "pages/demo1/demo1",
				"iconPath": "static/general/首页.png",
				"selectedIconPath": "static/general/首页 (1).png",
				"text": "首页"
			},
			{
				"pagePath": "pages/shequ/shequ",
				"iconPath": "static/general/社区.png",
				"selectedIconPath": "static/general/社区 (1).png",
				"text": "社区"
			},
			{
				"pagePath": "pages/chat/chat",
				"iconPath": "static/general/robot(1).png",
				"selectedIconPath": "static/general/robot.png",
				"text": "chat"
			},
			{
				"pagePath": "pages/message/message",
				"iconPath": "static/general/消息.png",
				"selectedIconPath": "static/general/消息 (1).png",
				"text": "消息"
			},
			{
				"pagePath": "pages/login/login",
				"iconPath": "static/general/我的.png",
				"selectedIconPath": "static/general/我的(1).png",
				"text": "我的"
			}
			
			
		]
	},
	"uniIdRouter": {}
}
