{
	"pages": [ //pages数组中第一项表示应用启动页，参考：https://uniapp.dcloud.io/collocation/pages
		{
			"path": "pages/index/index",
			"style": {
				
			}
		}
	    ,{
            "path" : "pages/index/index",
            "style" :                                                                                    
            {
                "navigationBarTitleText": "",
                "enablePullDownRefresh": false
            }
            
        }
        ,{
            "path" : "pages/sort/sort",
            "style" :                                                                                    
            {
                "navigationBarTitleText": "",
                "enablePullDownRefresh": false
            }
            
        }
        ,{
            "path" : "pages/rank/rank",
            "style" :                                                                                    
            {
                "navigationBarTitleText": "",
                "enablePullDownRefresh": false
            }
            
        }
        ,{
            "path" : "pages/car/car",
            "style" :                                                                                    
            {
                "navigationBarTitleText": "",
                "enablePullDownRefresh": false
            }
            
        }
        ,{
            "path" : "pages/mine/mine",
            "style" :                                                                                    
            {
                "navigationBarTitleText": "",
                "enablePullDownRefresh": false
            }
            
        }
    ],
	"globalStyle": {
		"navigationBarTextStyle": "black",
		"navigationBarBackgroundColor": "#F8F8F8",
		"backgroundColor": "#F8F8F8",
		// 使用自定义标题栏，可以清除默认的标题栏
		"navigationStyle": "custom"
	},
	"tabBar": {
		"list": [
			{
				"pagePath": "pages/index/index",
				"text": "首页"
			},
			{
				"pagePath": "pages/sort/sort",
				"text": "分类"
			},
			{
				"pagePath": "pages/rank/rank",
				"text": "排行榜"
			},
			{
				"pagePath": "pages/car/car",
				"text": "购物车"
			},
			{
				"pagePath": "pages/mine/mine",
				"text": "我的"
			}
		]
	},
	"uniIdRouter": {}
}
